,title,company,location,list_date,salary_low,salary_high
0,Graduate Data Analyst - London,GRAYCE,"London, England, United Kingdom",2023-11-22,,
1,Data Analyst (Graduate Role),Robert Half,"City of London, England, United Kingdom",2023-10-24,,
2,Data Analyst (Graduate Role),Staging It,"London, England, United Kingdom",2023-10-24,,
3,Graduate Data Analyst - Register Your Interest,GRAYCE,"London, England, United Kingdom",2023-10-20,,
4,Data Analyst,Ryde,"London, England, United Kingdom",2023-04-03,,
5,Junior Data Cleansing Analyst,Cybernetic Search,"London, England, United Kingdom",2023-11-16,12.50,12.50
6,Data Analyst- Gas & Power,Energy Aspects,"London, England, United Kingdom",2023-08-20,,
7,Data Analyst,General Index,"London, England, United Kingdom",2023-07-03,,
8,Junior Data Analyst,Page Personnel,"London, England, United Kingdom",2023-10-25,,
9,Data Analyst,EMR | Specialist in Marketing Recruitment,"London, England, United Kingdom",2023-11-10,"25,000","26,000"
10,Data Analyst,MyTutor.co.uk,"London, England, United Kingdom",2023-11-21,,
11,Data Analyst - Insights,Our Future Health UK,"London, England, United Kingdom",2023-10-05,,
12,Data Analyst,Live Nation Entertainment,"London, England, United Kingdom",2023-11-23,,
13,Junior Data Analyst,Michael Page,"City of London, England, United Kingdom",2023-10-21,,
14,Data Analyst | Fast Growth Mar-Tech Scale Up | London,Harmonic Finance™ | Certified B Corp,"London, England, United Kingdom",2023-11-21,"50,000","50,000"
15,Data Analyst,Chicago Organizing,"London, England, United Kingdom",2023-11-08,,
16,Insight Analyst,Up Learn,"London, England, United Kingdom",2023-10-03,,
17,Entry-Level Data Analyst,,"London, England, United Kingdom",2023-10-23,,
18,Entry-Level Data Analyst,,"London, England, United Kingdom",2023-10-06,,
19,Data Analyst | MDM | Investment Banking,Hawksworth,"London, England, United Kingdom",2023-11-22,"40,000","45,000"
20,Data analyst - ADVANCED EXCEL,Adecco,"London, England, United Kingdom",2023-10-31,,
21,Data Analyst,Burns Sheehan,"London, England, United Kingdom",2023-11-23,"45,000","50,000"
22,Data Analyst,Norton Blake,"London, England, United Kingdom",2023-11-17,,
23,Intelligence Data Analyst,Prevail Partners Limited,"London, England, United Kingdom",2023-07-17,,
24,Data Analyst,Tiger Recruitment,"City of London, England, United Kingdom",2023-11-14,,
25,Data Analyst,N Consulting Global,"London, England, United Kingdom",2023-07-18,,
26,Data Analyst - London Market Insurance,HFG Insurance Recruitment,"City of London, England, United Kingdom",2023-11-16,,
27,Data Analyst,Fujistsu Services,"Staines-upon-Thames, England, United Kingdom",2023-11-17,,
28,Data Analyst,GetAgent.co.uk,"London, England, United Kingdom",2023-11-17,,
29,Data Analyst,Trinnovo Group | B Corp™,"London, England, United Kingdom",2023-11-14,,
30,Customer Data Analyst,Sphere Digital Recruitment | Best Small Company 2022,"City of London, England, United Kingdom",2023-11-20,,
31,Data Analyst,Harrington Starr,"London, England, United Kingdom",2023-11-08,"32,000","38,000"
32,Data Analyst,Code Red Associates Limited,"London, England, United Kingdom",2023-11-08,,
33,Data Analyst,Carl Friedrik,"London, England, United Kingdom",2023-11-22,,
34,Data Analyst,,"London, England, United Kingdom",2023-11-03,,
35,Data Analyst,FIS,"London, England, United Kingdom",2023-11-21,,
36,Data Analyst,N Consulting Global,"London, England, United Kingdom",2023-10-10,,
37,Data Analyst,Michael Page,"City of London, England, United Kingdom",2023-11-08,,
38,Data Analyst,GroupM,"London, England, United Kingdom",2023-08-21,,
39,Data Analyst,Michael Page,"City of London, England, United Kingdom",2023-11-11,,
40,Junior Data Analyst – HR Systems and Data,FM Conway Ltd,"Sevenoaks, England, United Kingdom",2023-11-03,,
41,Data Analyst,HJF Promotional Products,"London, England, United Kingdom",2023-10-25,,
42,Fraud Data Analyst,esure Group,"Reigate, England, United Kingdom",2023-11-23,,
43,Junior Data Engineers SQL,Belmont Lavan,"London, England, United Kingdom",2023-06-30,,
44,Data Analyst,First Recruitment Group,"London, England, United Kingdom",2023-10-29,,
45,Claims Data Analyst,ERS,"London, England, United Kingdom",2023-10-10,,
46,Junior Business Intelligence Analyst,Pepper Mill,"London, England, United Kingdom",2023-10-13,,
47,Insights Analyst,London Stansted Airport,"London, England, United Kingdom",2023-10-27,,
48,Data Engineer (£65k-81k),sequel,"London, England, United Kingdom",2023-11-16,,
49,Data Analyst,,"London, England, United Kingdom",2023-11-23,500,580
50,Data Analyst,CBRE,"London, England, United Kingdom",2023-11-16,,
51,Data Analyst- Asset Management,Royal London,"London, England, United Kingdom",2023-11-11,,
52,Carbon Data Analyst,Etainabl,"Croydon, England, United Kingdom",2023-11-22,"25,000","25,000"
53,Data Insights Analyst,Ofgem,"London, England, United Kingdom",2023-11-23,,
54,Actuarial Data Analyst,Pioneer Search,"London, England, United Kingdom",2023-11-22,,
55,Data Analyst,IRIS | Networx | Recruitment Software & Services,"London, England, United Kingdom",2023-11-01,,
56,Product Data Analyst,Trint,"London, England, United Kingdom",2023-11-06,,
57,Data Analyst,Octopus Money,"London, England, United Kingdom",2023-11-15,,
58,Data Analyst - Finance & Operations,Cleo,"London, England, United Kingdom",2023-11-10,,
59,Underwriting Data Analyst,Pioneer Search,"City of London, England, United Kingdom",2023-11-20,,
60,Insight Support Analyst,Care Quality Commission,"London, England, United Kingdom",2023-11-09,,
61,Junior SQL Data Engineer Permanent Contract,Belmont Lavan,"London, England, United Kingdom",2023-04-03,,
62,"Data Analyst - 1 Year FTC - Up to GBP45,000",Nigel Frank International,"London, England, United Kingdom",2023-10-13,,
63,Marketing Data Analyst,INEOS Automotive,"London, England, United Kingdom",2023-07-25,,
64,Digital Data Analyst,Harnham,"London, England, United Kingdom",2023-11-17,"55,000","65,000"
65,"Data Analyst - 1 Year FTC - Up to GBP45,000",Nigel Frank International,"City of London, England, United Kingdom",2023-10-13,,
66,Data Analyst - London,BCT Resourcing,"London, England, United Kingdom",2023-11-05,,
67,Data Analyst,,"London, England, United Kingdom",2023-07-08,,
68,Data Operations Analyst,Leadenhall Search & Selection,"London, England, United Kingdom",2023-11-08,"35,000","50,000"
69,Interim Tableau Data Analyst,Finatal,"London, England, United Kingdom",2023-11-07,,
70,Marketing Data Analyst,Harnham,"London, England, United Kingdom",2023-11-22,,
71,Data Analyst,,"London, England, United Kingdom",2023-11-05,,
72,Data Analyst Fellowship,iO Sphere,"London, England, United Kingdom",2023-11-21,,
73,"Data Analyst, Communications",Stripe,"London, England, United Kingdom",2023-10-25,,
74,Data Analyst | Fast Growth Mar-Tech Scale Up | London,,"London, England, United Kingdom",2023-11-22,,
75,Data Analyst | Fast Growth Mar-Tech Scale Up | London,,"London, England, United Kingdom",2023-11-22,,
76,Data Analyst,IRIS | Networx | Recruitment Software & Services,"Teddington, England, United Kingdom",2023-11-13,,
77,Data Analyst (Finance),Redpin,"London, England, United Kingdom",2023-11-09,,
78,Data Analyst - Billing,Kaluza,"London, England, United Kingdom",2023-11-06,,
79,Junior Data Engineer,Pepper Mill,"London, England, United Kingdom",2023-10-13,,
80,Internship: Quantitative Researcher,Queueco,"London, England, United Kingdom",2023-10-31,,
81,Data Analyst,AEGIS London,"London, England, United Kingdom",2023-11-07,,
82,Finance Data Analyst,Cedar,"London, England, United Kingdom",2023-11-15,,
83,Lead Data Analyst,Data Idols,"City of London, England, United Kingdom",2023-11-22,,
84,Oil Data Analyst,Castleton Commodities International,"London, England, United Kingdom",2023-11-21,,
85,Marketing Data Analyst,INEOS,"London Area, United Kingdom",2023-07-26,,
86,Data Analyst – Qlik Sense,Noir,"City of London, England, United Kingdom",2023-11-20,,
87,Econometric Analyst – Machine Learning,Metrica Recruitment,"London, England, United Kingdom",2023-05-14,,
88,Front Office Data control Analyst,IBU Consulting,"London, England, United Kingdom",2023-07-05,,
89,Data Analyst / Junior Data Scientist,Nigel Frank International,"London, England, United Kingdom",2023-09-15,,
90,Quantitative Researcher,"Shanghai Yanfu Investments Co., Ltd.","London, England, United Kingdom",2023-11-10,,
91,Lead Data Analyst,BBC,"West End, England, United Kingdom",2023-11-21,,
92,Data Analyst - 1 year FTC,Nigel Frank International,"London, England, United Kingdom",2023-10-21,,
93,Information Management / Data Analysis Graduate,Energy Jobline,"London, England, United Kingdom",2023-11-17,,
94,BI Analyst,PANGAIA,"London, England, United Kingdom",2023-10-03,,
95,Junior Data Engineer,Metrica Recruitment,"London, England, United Kingdom",2023-07-11,,
96,Treasury Data Analyst,JSS Search,"London, England, United Kingdom",2023-11-14,"30,000","40,000"
97,Master Data Analyst,The Consultancy Group (London),"London, England, United Kingdom",2023-11-22,,
98,BI Business Analyst,JD Sports Fashion,"England, United Kingdom",2023-11-23,,
99,BI Data Analyst (90% Remote),,"Woking, England, United Kingdom",2023-10-29,"35,000","40,000"
100,Quantitative Researcher/Data Scientist,Sparta Commodities,"London, England, United Kingdom",2023-11-22,,
101,BI Analyst,Seedrs,"London, England, United Kingdom",2023-11-08,,
102,Junior Business Intelligence Analyst,Precision Proco,"London, England, United Kingdom",2023-11-23,,
103,Analytics - Consultant,Farsight Consulting Ltd,"London, England, United Kingdom",2023-09-19,,
104,Data Governance Analyst,Subsea7,"Sutton, England, United Kingdom",2023-11-15,,
105,Data Analyst - 1 year FTC,Nigel Frank International,"City of London, England, United Kingdom",2023-10-21,,
106,Data Analyst,Projective Group,"London, England, United Kingdom",2023-11-17,"60,000","80,000"
107,Senior Data Analyst,Super Payments,"London, England, United Kingdom",2023-09-23,,
108,Data Analyst - Corporate Responsibility,IHG Hotels & Resorts,"Windsor, England, United Kingdom",2023-11-17,,
109,Data & Insight Analyst,LeasePlan,"Slough, England, United Kingdom",2023-11-06,,
110,Data Analytics,Metrica Recruitment,"London, England, United Kingdom",2023-08-21,,
111,Sustainability Data Analyst,ecocareers,"Tolworth, England, United Kingdom",2023-11-16,,
112,Junior Data Engineer / Data Analyst,,"London, England, United Kingdom",2023-11-01,"35,000","45,000"
113,Data Analyst/Analytics Engineer (Contractor),Percent,"London, England, United Kingdom",2023-11-02,,
114,Data Analyst,Guardian Jobs,"Harrow, England, United Kingdom",2023-11-11,,
115,Data Analytics / CRO Analyst,Candyspace,"London, England, United Kingdom",2023-10-25,300,400
116,Data Analyst / Scientist,Actica Consulting,"London, England, United Kingdom",2023-11-23,,
117,GCP Data Analyst,83zero Ltd,"Isleworth, England, United Kingdom",2023-11-23,,
118,"Work home - online data analyst Job at TELUS International, England",DataAiJobs,"London, England, United Kingdom",2023-11-06,,
119,Data Scientist/Data Analyst (ETL),Henderson Scott,"London, England, United Kingdom",2023-11-23,,
120,Data Entry Analyst,Hays,"London, England, United Kingdom",2023-10-20,,
121,Data Quality Analyst,Stott and May,"London, England, United Kingdom",2023-11-22,"50,000","60,000"
122,Marketing Data Analyst,Harnham,"London, England, United Kingdom",2023-11-22,,
123,Junior Quantitative Analyst,Spectrum IT Recruitment,"London, England, United Kingdom",2023-11-22,,
124,Carbon data analyst,Watershed,"London, England, United Kingdom",2023-11-12,,
125,Data Analyst,ClickJobs.io,"England, United Kingdom",2023-11-22,,
126,"Data Analyst - Windsor - GBP40,000",Nigel Frank International,"Windsor, England, United Kingdom",2023-10-23,,
127,Data Analyst - Non-Profit - 1 year Fixed Term Contract,Nigel Frank International,"London, England, United Kingdom",2023-10-21,,
128,Insight Analyst (Bilingual),Freemavens,"London, England, United Kingdom",2023-09-04,,
129,Data Analyst,Harnham,"London, England, United Kingdom",2023-11-15,,
130,Data Analyst - Infrastructure Data Scientist - R - Python - PowerBI - Datasets - London - Contract,CareerAddict,"London, England, United Kingdom",2023-11-23,,
131,Data Engineer - London,Energy Aspects,"London, England, United Kingdom",2023-11-15,,
132,Senior Data Analyst,TravelPerk,"London, England, United Kingdom",2023-10-13,,
133,Senior Data Analyst,Gram Games,"London, England, United Kingdom",2023-07-26,,
134,BI Data Analyst,,"London, England, United Kingdom",2023-11-18,"35,000","40,000"
135,Data Analyst (BSR Band 4/ HEO),Health and Safety Executive,"London, England, United Kingdom",2023-11-09,,
136,Training Data Analyst,OCU,"Borehamwood, England, United Kingdom",2023-11-23,,
137,Senior Data Analyst - MMM,Silverdrum,"London, England, United Kingdom",2023-11-20,"40,000","50,000"
138,Virtual Data Analyst/Virtual Data Entry Clerk,,"Harlow, England, United Kingdom",2023-10-18,,
139,Office Administrator/Data Analyst/Data Entry Clerk,,"London, England, United Kingdom",2023-10-17,,
140,Data Engineer,Carbon Tracker,"London, England, United Kingdom",2023-10-12,,
141,BI and Data Analytics Specialist,Fitch Ratings,"London, England, United Kingdom",2023-11-22,,
142,Bootcamp Data Analyst Trainer (FTC),Cambridge Spark,"London, England, United Kingdom",2023-11-22,,
143,Customer Insight Analyst,CUBE,"London, England, United Kingdom",2023-10-23,,
144,Finance Data Analyst,Page Personnel,"City of London, England, United Kingdom",2023-09-29,,
145,Senior Data Analyst - Gain Theory,Wunderman Thompson Commerce & Technology,"London, England, United Kingdom",2023-11-10,,
146,Front office Data control Analyst,N Consulting Global,"London, England, United Kingdom",2023-07-04,,
147,Billing/Data Analyst/Data Entry Clerk,,"London, England, United Kingdom",2023-10-18,,
148,Technical Data Analyst,Bupa,"London, England, United Kingdom",2023-11-22,,
149,Data Analyst Assessor,Accelerate People Ltd.,"London, England, United Kingdom",2023-11-19,,
150,Data Analyst Bootcamp and Project Work (remote -part time) @ Moyyn – Gain your first hands-on experience,Moyyn,"London, England, United Kingdom",2023-11-19,,
151,Data Analyst/Business Analyst,,"London, England, United Kingdom",2023-09-26,,
152,Data Analyst - London- Quant Trading,Jobs via eFinancialCareers,"London, England, United Kingdom",2023-07-04,,
153,Senior Data Analyst,Hyperoptic,"Hammersmith, England, United Kingdom",2023-11-23,,
154,Fullstack Data Analyst,OakNorth,"London, England, United Kingdom",2023-11-02,,
155,Principal Data Analyst - Gain Theory,Wunderman Thompson Commerce & Technology,"London, England, United Kingdom",2023-11-10,,
156,Underwriting Data Analyst,Travelers Europe,"London, England, United Kingdom",2023-11-23,,
157,"Data Analyst (Power Bi, SQL, Financial Data)",Hays,"London, England, United Kingdom",2023-11-08,,
158,Senior Data Analyst,Proxymity,"London, England, United Kingdom",2023-11-20,,
159,"Data and Operations Analyst, Investments Team - London / Europe Based",Digital Currency Group,"London, England, United Kingdom",2023-09-26,,
160,Legal Assistant/Data Analyst/Data Entry Clerk/Full Time,,"London, England, United Kingdom",2023-10-18,,
161,Data Analyst,Martin-Baker Aircraft Co Ltd,"Denham, England, United Kingdom",2023-11-13,,
162,Data Analyst - Greenfield Risk Platform,Harrington Starr,"London, England, United Kingdom",2023-11-23,"65,000","95,000"
163,BI / Analytics Specialist,Deltek,"London, England, United Kingdom",2023-07-18,,
164,Analytics Internship,Eaton,"Slough, England, United Kingdom",2023-11-22,,
165,Data Engineer,Quantum Light,"London, England, United Kingdom",2023-06-06,,
166,Pension Payroll Data Analyst,"Buck, A Gallagher Company","England, United Kingdom",2023-11-09,,
167,Data Analyst - Power BI & D365 - 1 year FTC,Nigel Frank International,"City of London, England, United Kingdom",2023-10-21,,
168,BI Data Analyst (BI Academy) LBHF612663,Hammersmith & Fulham Council,"Hammersmith, England, United Kingdom",2023-11-08,,
169,Sustainability Data Analyst,Lewis Davey,"London, England, United Kingdom",2023-10-26,"65,000","65,000"
170,Senior Data Analyst,carwow,"London, England, United Kingdom",2023-11-05,,
171,Digital Insight Analyst,Harnham,"London, England, United Kingdom",2023-11-10,,
172,Junior Quantitative Researcher- Charity and Public sector,Revealing Reality,"London, England, United Kingdom",2023-11-01,,
173,SQL Data Engineer - London,Belmont Lavan,"London, England, United Kingdom",2023-04-03,,
174,Commercial Systems Data Analyst,Inizio Engage XD,"London, England, United Kingdom",2023-11-20,,
175,SQL Data Engineer's,Belmont Lavan,"London, England, United Kingdom",2023-04-03,,
176,Data Engineer,Leadenhall Search & Selection,"London, England, United Kingdom",2023-11-23,"50,000","70,000"
177,Quantitative Analyst,Malaberg,"London, England, United Kingdom",2023-11-23,,
178,Flight Data Monitoring Analyst,Ascend Airways,"London Gatwick Airport, England, United Kingdom",2023-10-20,,
179,Senior Data Analyst (12-month fixed term),Sure Exec Search,"London, England, United Kingdom",2023-11-16,"60,000","65,000"
180,Data Engineer,CollabKit,"London, England, United Kingdom",2023-06-05,"$85,000","$135,000"
181,Business Intelligence Analyst-Reinsurance Insights,Bunn Abbott Consulting,"England, United Kingdom",2023-11-21,,
182,SQL Data Engineer,Belmont Lavan,"London, England, United Kingdom",2023-04-03,,
183,Data Analyst/Senior Data Analyst,Springer Nature Group,"London, England, United Kingdom",2023-11-23,,
184,BI Analyst,Harnham,"London, England, United Kingdom",2023-11-21,,
185,Technical Data Analyst,Bupa,"Staines-upon-Thames, England, United Kingdom",2023-11-15,,
186,Claims Data Analyst,IQUW,"London, England, United Kingdom",2023-10-28,,
187,Commercial Data Analyst,Dojo,"London, England, United Kingdom",2023-11-17,,
188,Data Analyst,Harnham,"City of London, England, United Kingdom",2023-11-15,,
189,Business Intelligence Analyst,Novax Recruitment Group,"London Borough of Redbridge, England, United Kingdom",2023-11-22,,
190,HR Systems and Data Analyst (3-month FTC),MUFG Investor Services,"London, England, United Kingdom",2023-11-16,,
191,Data Analyst,Harnham,"City of London, England, United Kingdom",2023-11-15,,
192,Data Analyst - Power BI & D365 - 1 year Fixed Term Contract,Nigel Frank International,"London, England, United Kingdom",2023-10-21,,
193,Quantitative Researcher,Point72,"London, England, United Kingdom",2023-04-02,,
194,HR Systems and Data Analyst (3-month FTC),MUFG Investor Services,"London, England, United Kingdom",2023-11-16,,
195,Business Intelligence (BI) Consultant SQL,Belmont Lavan,"London, England, United Kingdom",2023-04-03,,
196,Data Engineer,CUR8,"London, England, United Kingdom",2023-10-02,,
197,Business Intelligence Analyst,Novax Recruitment Group,"London, England, United Kingdom",2023-11-17,,
198,SQL Data Engineer Permanent Contract,Belmont Lavan,"London, England, United Kingdom",2023-06-01,,
199,Business Intelligence Analyst,Novax Recruitment Group,"Redbridge, England, United Kingdom",2023-11-13,130,150
200,Business Intelligence Analyst,Novax Recruitment Group,"Redbridge, England, United Kingdom",2023-11-13,130,150
201,Junior Data Engineer,ClickJobs.io,"England, United Kingdom",2023-11-23,,
202,Quantitative Researcher,Queueco,"London, England, United Kingdom",2023-04-03,,
203,Product Data Analyst,Dye & Durham Corporation,"London, England, United Kingdom",2023-11-12,"60,000","80,000"
204,DATA ANALYST,Harnham,"Richmond-upon-Thames, England, United Kingdom",2023-11-11,,
205,Insight Support Analyst,Healthwatch England,"London, England, United Kingdom",2023-11-13,,
206,Quantitative Researcher | HFT,Wunder Fund,"London Area, United Kingdom",2023-11-13,,
207,Data Analytics Developer,Zoological Society of London (ZSL),"City of Westminster, England, United Kingdom",2023-11-21,,
208,Insights Analyst,Digital Waffle,"St. Albans, England, United Kingdom",2023-11-17,,
209,Customer Care/Data Analyst/Data Entry Clerk,,"London, England, United Kingdom",2023-10-18,,
210,Junior Quantitative Researcher,Jobs via eFinancialCareers,"London, England, United Kingdom",2023-11-16,,
211,Marketing Insight Analyst,Sagacity,"London, England, United Kingdom",2023-11-18,,
212,CRM Data & Insights Analyst,Lumon,"Blackfriars, England, United Kingdom",2023-10-22,,
213,Senior Business Intelligence Analyst,Imperial College Healthcare NHS Trust,"London, England, United Kingdom",2023-11-16,,
214,Data Engineer,ROLI,"London, England, United Kingdom",2023-10-07,,
215,Digital Data Analyst,The Digital Recruitment Company,"London, England, United Kingdom",2023-08-02,,
216,Data Engineer (Questionnaire),Our Future Health UK,"London, England, United Kingdom",2023-11-12,,
217,Business Intelligence / Data Analyst LBHF610484,Hammersmith & Fulham Council,"Hammersmith, England, United Kingdom",2023-11-20,,
218,Data Engineer,Recruit with Purpose,"London Area, United Kingdom",2023-11-22,"75,000","85,000"
219,Statistician,Alimentiv,"London, England, United Kingdom",2023-10-25,,
220,Online Data Analyst - United Kingdom,TELUS International,"St Albans, England, United Kingdom",2023-11-09,,
221,SQL Developer,Arthur Recruitment,"London, England, United Kingdom",2023-10-24,,
222,Commercial Data Analyst,Adecco,"London, England, United Kingdom",2023-10-24,,
223,Quantitative Analytics Specialist,White Swan Data,"London, England, United Kingdom",2023-07-17,,
224,Business Data Analyst,Xpertise Recruitment,"City of London, England, United Kingdom",2023-11-14,700,700
225,Marketing Data Analyst,The Digital Recruitment Company,"London, England, United Kingdom",2023-06-27,,
226,Data Engineer - Equities - Prop Trading,Vertus Partners,"London, England, United Kingdom",2023-11-13,,
227,Receptionist/Data Analyst/Data Entry Clerk/Urgent,,"Woking, England, United Kingdom",2023-10-18,,
228,Research Associate (Neuroimaging & Data Analysis),King's College London,"London, England, United Kingdom",2023-11-10,,
229,Business Intelligence Analyst,Metrica Recruitment,"London, England, United Kingdom",2023-06-13,,
230,HEOR Analyst,Airfinity Ltd,"London, England, United Kingdom",2023-11-21,,
231,Database Engineer,Uplift People Consulting,"London, England, United Kingdom",2023-10-04,,
232,Data Analyst,Templeton and Partners - Tech Recruitment,"London, England, United Kingdom",2023-06-18,,
233,Product Data Analyst: Payments Platform,Dojo,"London, England, United Kingdom",2023-11-11,,
234,Senior Data Analyst,Full Circle Recruitment Ltd,"London, England, United Kingdom",2023-11-10,"60,000","75,000"
235,Legal Assistant/Data Analyst/Data Entry Clerk/Urgent,,"Hemel Hempstead, England, United Kingdom",2023-10-18,,
236,Power BI Data Analyst - Windsor,Nigel Frank International,"Slough, England, United Kingdom",2023-11-08,,
237,Data Engineer,Accessplc,"London, England, United Kingdom",2023-11-23,400,450
238,Quantitative Researcher (Rates),Thurn Partners,"London, England, United Kingdom",2023-11-22,,
239,Data Engineer,Quantexa,"London, England, United Kingdom",2023-10-13,,
240,Senior Data Analyst,Harrington Starr,"London, England, United Kingdom",2023-11-22,"65,000","85,000"
241,12 Month FTC - Alteryx Data Analyst,HJF Promotional Products,"London, England, United Kingdom",2023-10-27,,
242,Power BI Data Analyst - Windsor,Nigel Frank International,"Windsor, England, United Kingdom",2023-11-08,,
243,Data Engineer,Little Journey,"London, England, United Kingdom",2023-10-27,,
244,Quality / Reference Data Analyst (2-3 years) - Global Financial - 2 days/month on-site,Hawksworth,"London, England, United Kingdom",2023-11-22,,
245,Data Engineer,Anson McCade,"London, England, United Kingdom",2023-11-20,"50,000","65,000"
246,Business Intelligence Specialist,Fitch Ratings,"London, England, United Kingdom",2023-11-08,,
247,Data Warehouse Analyst / Analytics Engineer,Starling Bank,"London, England, United Kingdom",2023-10-29,,
248,Data Engineer,Beam Projects,"London, England, United Kingdom",2023-11-21,,
249,Data Engineer with Python 12 months FTC,McCabe & Barton,"London Area, United Kingdom",2023-11-22,,
250,Data Engineer with Python 12 months FTC,McCabe & Barton,"London Area, United Kingdom",2023-11-22,,
251,Data Engineer,MindYolk Creative Services,"London, England, United Kingdom",2023-11-22,,
252,Data engineer with Business /data analysis,N Consulting Global,"London, England, United Kingdom",2023-11-23,,
253,Data Engineer,Policy Expert,"London, England, United Kingdom",2023-11-22,,
254,Data Engineer,Associated Terminals,"London, England, United Kingdom",2023-11-21,,
255,Junior Azure Data Engineer,Areti Group,"London Area, United Kingdom",2023-11-23,,
256,Data Quality Analyst,AEGIS London,"London, England, United Kingdom",2023-11-21,,
257,SQl Developer,Directions Recruitment Specialists Ltd,"London, England, United Kingdom",2023-10-31,,
258,Senior Data Analyst,Harnham,"London, England, United Kingdom",2023-11-17,"35,000","40,000"
259,Data Engineer,Anson McCade,"London, England, United Kingdom",2023-11-20,"45,000","60,000"
260,Data Engineer,Addland,"London, England, United Kingdom",2023-10-25,,
261,Data Engineer - London - Investment Management,twentyAI,"London, England, United Kingdom",2023-11-22,"60,000","75,000"
262,Power BI Analyst,83zero Ltd,"West End, England, United Kingdom",2023-11-17,"70,000","80,000"
263,Sales Data Analyst,Opus Technology,"Reigate, England, United Kingdom",2023-11-13,"45,000","55,000"
264,Data Engineer,Element Materials Technology,"London, England, United Kingdom",2023-11-23,,
265,Data Engineer,Beam Projects,"London, England, United Kingdom",2023-11-07,,
266,Junior Clinical EHR Analyst,Suvera,"London, England, United Kingdom",2023-11-10,,
267,SQL Developer - City of London - Insurance (12-month FTC),Morgan McKinley,"City of London, England, United Kingdom",2023-10-28,,
268,Lead Data Analyst,Zwift,"London, England, United Kingdom",2023-11-10,,
269,Customer Care/Data Analyst/Data Entry Clerk/Urgent,,"St. Albans, England, United Kingdom",2023-10-18,,
270,Senior Data Analyst,Forsyth Barnes,"London, England, United Kingdom",2023-11-23,"60,000","70,000"
271,"Business Intelligence Analyst - Windsor - GBP40,000 + 15% bonus",Nigel Frank International,"Windsor, England, United Kingdom",2023-11-03,,
272,Data Engineer,Metrica Recruitment,"London, England, United Kingdom",2023-07-11,,
273,Senior Data Analyst,microTECH Global LTD,"London, England, United Kingdom",2023-11-17,,
274,"Data Engineer, London, Hybrid, Outside Ir35, £400, Contract",Norton Blake,"London, England, United Kingdom",2023-11-17,,
275,Sales Data Analyst (Dynamics 365),Opus Technology,"Reigate, England, United Kingdom",2023-11-10,"45,000","55,000"
276,Data Engineer,Oscar Technology,"London, England, United Kingdom",2023-11-09,,
277,Data Engineer - SQL,Oliver Bernard,"London, England, United Kingdom",2023-10-31,,
278,Data Modeler,PRACYVA,"London Area, United Kingdom",2023-11-22,,
279,Senior Data Analyst,HYPEBEAST,"London, England, United Kingdom",2023-11-21,,
280,Data Engineer,Anson McCade,"London, England, United Kingdom",2023-11-20,"60,000","75,000"
281,Trainee Web Developer - No Experience Required,IT Career Switch,"Slough, England, United Kingdom",2023-10-14,,
282,Data Engineer - Remote,Morgan Fraser Group,"London, England, United Kingdom",2023-11-05,,
283,Senior Data Analyst,Hyperoptic,"Hammersmith, England, United Kingdom",2023-11-23,,
284,Business Intelligence Consultant,Metrica Recruitment,"London, England, United Kingdom",2023-11-11,,
285,Senior Insight Analyst,Metrica Recruitment,"London, England, United Kingdom",2023-08-11,,
286,Customer Data Analyst,Harnham,"London, England, United Kingdom",2023-11-15,,
287,MI/BI Analyst,Adecco,"City of London, England, United Kingdom",2023-11-23,,
288,Quantitative Analyst,,"Victoria, England, United Kingdom",2023-11-03,"65,000","75,000"
289,SQL Database Developer,Radley James,"London, England, United Kingdom",2023-11-20,,
290,Cloud Computing Engineer - Trainee,e-Careers,"London, England, United Kingdom",2023-10-01,,
291,Competitor Intelligence Analyst,Energy Jobline,"London, England, United Kingdom",2023-11-20,,
292,Data Engineer,Anson McCade,"London, England, United Kingdom",2023-11-22,"45,000","75,000"
293,Senior Data Analyst,hackajob,"London, England, United Kingdom",2023-10-31,,
294,Consultant/ Sr. Consultant - Analytics Consulting,Tiger Analytics,"London, England, United Kingdom",2023-11-07,,
295,Data Quality Analyst,Omni,"London, England, United Kingdom",2023-10-09,,
296,Underwriting Data Analyst,ARCH EUROPE INSURANCE SERVICES LTD,"London, England, United Kingdom",2023-11-13,,
297,Senior Data Analyst,All Response Media,"London, England, United Kingdom",2023-11-22,,
298,Enterprise Change Data Analyst,DCC plc,"London, England, United Kingdom",2023-11-17,,
299,Data Engineer,IF Recruitment,"London, England, United Kingdom",2023-11-06,600,750
300,Enterprise Change Data Analyst,DCC plc,"London, England, United Kingdom",2023-11-17,,
301,Data Engineer,IF Recruitment,"London, England, United Kingdom",2023-11-06,600,750
302,Data Engineer,Zulu Ecosystems,"London, England, United Kingdom",2023-11-10,,
303,Data Engineer,INEOS Automotive,"London, England, United Kingdom",2023-04-03,,
304,Data Governance Analyst (R-15264),Dun & Bradstreet Europe,"London, England, United Kingdom",2023-11-23,,
305,Data Engineer,Opus Recruitment Solutions,"London, England, United Kingdom",2023-11-22,"65,000","75,000"
306,Quantitative Analyst,NP Group,"London Area, United Kingdom",2023-11-14,"150,000","200,000"
307,Analytics Engineer,TRIA,"London, England, United Kingdom",2023-11-15,,
308,Data Lead - Quant ESG Research,The FISER Group,"London, England, United Kingdom",2023-09-15,,
309,Big Data Analyst,Technojobs Ltd,"London, England, United Kingdom",2023-11-20,,
310,Data Engineer,N Consulting Global,"London, England, United Kingdom",2023-09-08,,
311,SQL Developer - London - up to GBP50k,Nigel Frank International,"London, England, United Kingdom",2023-09-12,,
312,Insight Analyst,Harnham,"London, England, United Kingdom",2023-11-15,,
313,Data Engineer – Remote,Noir,"London, England, United Kingdom",2023-11-20,,
314,Report Developer,CereCore,"London, England, United Kingdom",2023-11-07,,
315,Data Engineer,Metrica Recruitment,"London, England, United Kingdom",2023-10-28,,
316,Data Business Analyst,Energy Jobline,"London, England, United Kingdom",2023-11-17,,
317,Survey Data Analyst,,"Woking, England, United Kingdom",2023-10-05,,
318,Insight Analyst,Harnham,"London, England, United Kingdom",2023-11-15,,
319,Data Engineer,Audigent,"London, England, United Kingdom",2023-11-04,,
320,Cloud Computing Engineer - Trainee,e-Careers,"Bexley, England, United Kingdom",2023-09-25,,
321,Data Engineer,Patrick County Public Schools,"London, England, United Kingdom",2023-11-02,,
322,Senior Data and Performance Analyst,Media Concierge,"London, England, United Kingdom",2023-09-27,,
323,Junior Systems and Reports Developer,MultiBier MultiCadeau MultiVino,"Egham, England, United Kingdom",2023-11-08,,
324,Junior Systems and Reports Developer,MultiBier MultiCadeau MultiVino,"Egham, England, United Kingdom",2023-11-08,,
325,Data Integration Analyst,Balyasny Asset Management L.P.,"London, England, United Kingdom",2023-11-21,,
326,SQL Developer,Nigel Frank International,"City of London, England, United Kingdom",2023-10-08,,
327,Report Developer,83zero Ltd,"London, England, United Kingdom",2023-11-16,"70,000","80,000"
328,Investment / Portfolio Data Analyst,Experis UK,"London, England, United Kingdom",2023-11-10,,
329,CRM Data Analyst - Non-Profit - 1 year FTC,Nigel Frank International,"London, England, United Kingdom",2023-10-21,,
330,Data Engineer,illio,"London Area, United Kingdom",2023-11-22,,
331,Data Engineer,BJSS,"London, England, United Kingdom",2023-11-03,,
332,SQL Developer,Bromcom,"Bromley, England, United Kingdom",2023-10-26,,
333,Quantitative Analyst,M2 Financial Modeling Group,"London, England, United Kingdom",2023-11-06,,
334,Insight Analyst,Harnham,"London, England, United Kingdom",2023-11-15,,
335,Data Engineer,INEOS,"London Area, United Kingdom",2023-04-28,,
336,Insight Analyst,Harnham,"London, England, United Kingdom",2023-11-15,,
337,Data Engineer,Morgan Fraser Group,"Clerkenwell, England, United Kingdom",2023-11-06,"27,000","32,000"
338,SQL Developer - Remote/SQL Server/ETL/Snowflake,CareerAddict,"England, United Kingdom",2023-11-23,"50,000","55,000"
339,Graduate Quantitative Analyst,Client Server,"London, England, United Kingdom",2023-11-17,,
340,Data Engineer,incident.io,"London, England, United Kingdom",2023-10-23,,
341,BI Analyst | Power BI | Reinsurance,Oliver James,"London, England, United Kingdom",2023-11-22,,
342,Lead Data Analyst / User Research Data Lead,Head Resourcing,"London, England, United Kingdom",2023-11-13,60,90
343,Performance Analyst,Sainsbury's,"London, England, United Kingdom",2023-11-21,,
344,Trainee Web Developer - No Experience Required,IT Career Switch,"Islington, England, United Kingdom",2023-11-01,,
345,Fund Services and Data Analyst Associate,Page Personnel,"City of London, England, United Kingdom",2023-08-28,,
346,Insight Analyst,Harnham,"London, England, United Kingdom",2023-11-15,,
347,Data Engineer,Deluxe RV Service & Sales,"London, England, United Kingdom",2023-11-20,,
348,Data Engineer (SQL),Arthur Recruitment,"London, England, United Kingdom",2023-10-26,,
349,Data Engineer,Metrica Recruitment,"London, England, United Kingdom",2023-08-24,,
350,HRIS & Data Analyst,Shawbrook Bank,"Brentwood, England, United Kingdom",2023-11-22,,
351,Successfactors Data/HR Analyst,Michael Page,"City of London, England, United Kingdom",2023-06-30,,
352,Senior Insight Analysts,Metrica Recruitment,"London, England, United Kingdom",2023-07-14,,
353,Data Engineer Contract,Layka Recruitment,"Thorpe, England, United Kingdom",2023-11-22,"40,000","60,000"
354,Data Engineer,Infinity Quest,"London, England, United Kingdom",2023-11-21,,
355,Trainee Web Developer - No Experience Required,IT Career Switch,"Twickenham, England, United Kingdom",2023-10-16,,
356,Data Engineer,FLYR for Hospitality,"London, England, United Kingdom",2023-08-14,,
357,Senior Insight Analyst - 12 month FTC,Sky,"Isleworth, England, United Kingdom",2023-10-09,,
358,Trainee Web Developer - No Experience Required,IT Career Switch,"Bromley, England, United Kingdom",2023-10-15,,
359,Data Engineer,Noir,"London, England, United Kingdom",2023-11-20,,
360,HRIS Data/Governance Analyst,Robert Half,"City of London, England, United Kingdom",2023-11-10,,
361,Claims Data Analyst [Value Creation],Compre Group,"London, England, United Kingdom",2023-10-18,,
362,Trainee Web Developer - No Experience Required,IT Career Switch,"Romford, England, United Kingdom",2023-10-14,,
363,Trainee Web Developer - No Experience Required,IT Career Switch,"Epsom, England, United Kingdom",2023-10-14,,
364,"Analytics Engineer - London/Remote - £50,000",Jefferson Frank,"London, England, United Kingdom",2023-09-26,,
365,Data & Analytics Developer,RBC Brewin Dolphin,"London, England, United Kingdom",2023-11-21,,
366,Database Engineer,X4 Technology,"London Area, United Kingdom",2023-11-16,,
367,Business Intelligence Engineer,Thyme,"London, England, United Kingdom",2023-11-23,,
368,Lead Data Analyst,Brooks & Associates Public Relations,"London, England, United Kingdom",2023-11-22,,
369,Cloud Computing Engineer - Trainee,e-Careers,"Watford, England, United Kingdom",2023-09-25,,
370,Senior Data Analyst,Media Concierge,"London, England, United Kingdom",2023-11-16,"40,000","60,000"
371,Senior BI Data Analyst,Harrington Starr,"London, England, United Kingdom",2023-11-23,"75,000","90,000"
372,Data Engineer,Suvera,"London, England, United Kingdom",2023-10-19,,
373,BI Consultant,Nigel Frank International,"London, England, United Kingdom",2023-09-12,,
374,Data Solutions Analyst - 12m Fixed Term contract,Chubb,"London, England, United Kingdom",2023-11-02,,
375,Quant Researcher,Trading 212,"London, England, United Kingdom",2023-09-15,,
376,Biostatistician,AL Solutions,"London, England, United Kingdom",2023-08-14,,
377,Trainee Web Developer - No Experience Required,IT Career Switch,"Wembley, England, United Kingdom",2023-10-02,,
378,Data Engineer,Ampstek,"London, England, United Kingdom",2023-06-25,,
379,"Data Engineer - AWS Databricks - up to £80,000.00 + Package",Mentmore,"London, England, United Kingdom",2023-11-23,"80,000","80,000"
380,Data Support Analyst,,"Sheerwater, England, United Kingdom",2023-11-03,20,22
381,Data Engineer - On-Site,Understanding Recruitment,"Brentford, England, United Kingdom",2023-11-17,,
382,Data Engineer,Harnham,"London, England, United Kingdom",2023-11-14,,
383,Data Engineer,BSI,"London Area, United Kingdom",2023-11-14,,
384,"Sql Developer - Sql Server, C# - Hedge Fund",Resource Europe,"London, England, United Kingdom",2023-11-13,"65,000","105,000"
385,Data Engineer,Unlikely AI,"London, England, United Kingdom",2023-11-23,,
386,"Data Engineer - Remote - GBP70,000",Nigel Frank International,"London, England, United Kingdom",2023-11-14,,
387,Intelligence Analyst,Guardian Jobs,"London, England, United Kingdom",2023-11-16,,
388,Power BI Analyst,Nigel Frank International,"Windsor, England, United Kingdom",2023-11-04,,
389,Customer Insight Analyst,Harnham,"London, England, United Kingdom",2023-11-15,,
390,Data Engineer,Harnham,"London, England, United Kingdom",2023-11-15,,
391,Senior Data Analyst,Change Grow Live,"London, England, United Kingdom",2023-10-06,,
392,Senior Data Analyst,H&T Group plc,"Sutton, England, United Kingdom",2023-11-23,,
393,Digital Insights Analyst,The Digital Recruitment Company,"London, England, United Kingdom",2023-08-11,,
394,Data Engineer,Parliamentary Digital Service,"London, England, United Kingdom",2023-11-17,,
395,"Artificial Intelligence (AI) Developer Intern, Tencent Games Lightspeed Studios",Tencent,"London, England, United Kingdom",2023-09-08,,
396,Lead Data & Analytics Consultant,Cognitive Group | Part of the Focus Cloud Group,"London, England, United Kingdom",2023-11-23,"75,000","90,000"
397,Data Analyst Coach,TeachTech Solutions Ltd,"London, England, United Kingdom",2023-11-09,,
398,Data Engineer,Harnham,"London, England, United Kingdom",2023-11-14,,
399,Senior Business Intelligence Analyst (18 month FTC),CNN,"London, England, United Kingdom",2023-11-22,,
400,Senior Business Intelligence Analyst (18 month FTC),CNN,"London, England, United Kingdom",2023-11-22,,
401,Coding and Programming Trainee,ITonlinelearning Recruitment,"London, England, United Kingdom",2023-11-03,,
402,Data Engineer - 3 months to go perm,Sphere Digital Recruitment | Best Small Company 2022,"City of London, England, United Kingdom",2023-11-16,,
403,Epidemiological Analyst,UK Health Security Agency,"Colindale, England, United Kingdom",2023-11-23,,
404,Senior Insight Analyst,Harnham,"London, England, United Kingdom",2023-11-03,"40,000","45,000"
405,Data Quality Analyst,Omni,"Weybridge, England, United Kingdom",2023-10-09,,
406,Trainee Web Developer - No Experience Required,IT Career Switch,"Dartford, England, United Kingdom",2023-10-16,,
407,SQL Developer - London office based - up to GBP65k,Nigel Frank International,"London, England, United Kingdom",2023-10-03,,
408,Data Engineer - up to £120k,Jefferson Frank,"London, England, United Kingdom",2023-09-23,,
409,Business Intelligence Analyst - Implementation,PredictX,"London, England, United Kingdom",2023-10-03,,
410,Data Research Analyst,Harnham,"London, England, United Kingdom",2023-11-15,,
411,Business Intelligence Analyst (Insurance MI/Data),Insight Recruitment Solutions Ltd,"London, England, United Kingdom",2023-11-21,,
412,"Senior Data Analyst, Revenue",Deel,"London, England, United Kingdom",2023-11-17,,
413,Senior Data Analyst,CareerAddict,"London, England, United Kingdom",2023-11-21,"60,000","60,000"
414,Senior Data Analyst - FTC,The White Company,"London, England, United Kingdom",2023-11-23,,
415,Quantitative Researcher - EU Linear Rates,Thurn Partners,"London, England, United Kingdom",2023-11-22,,
416,Global Office Data Engineer,Dr. Martens plc,"London, England, United Kingdom",2023-11-23,,
417,Data,Templeton and Partners - Tech Recruitment,"London, England, United Kingdom",2023-07-13,,
418,Power BI Analyst - Windsor,Nigel Frank International,"Slough, England, United Kingdom",2023-11-04,,
419,Data Analytics Engineer,JD Sports Fashion,"England, United Kingdom",2023-11-13,,
420,SQL Developer,Nigel Frank International,"City of London, England, United Kingdom",2023-09-10,,
421,Data Standards Officer - Data and Analysis,Counter Terrorism Policing,"London, England, United Kingdom",2023-11-09,,
422,Business Intelligence Analyst - Implementation,Broster Buchanan,"London, England, United Kingdom",2023-11-03,,
423,Senior Data Analyst - Hybrid/Remote,Hasson Associates Recruitment Ltd,"London, England, United Kingdom",2023-11-08,,
424,SQL Developer,Nigel Frank International,"City of London, England, United Kingdom",2023-09-12,,
425,Data Engineer,Reed - Technology,"Epsom, England, United Kingdom",2023-10-24,,
426,Senior Data Analyst,Siteimprove,"London, England, United Kingdom",2023-11-16,,
427,"Data Engineer(SSIS,SSRS&SQL)",Belmont Lavan,"London, England, United Kingdom",2023-04-03,,
428,Senior Data and Insights Analyst,QVC,"West End, England, United Kingdom",2023-09-17,,
429,Data Engineer,IRIS | Networx | Recruitment Software & Services,"Teddington, England, United Kingdom",2023-11-13,,
430,Senior Data Analyst,Life360,"London, England, United Kingdom",2023-11-22,,
431,Analytics Engineer,Marshmallow,"London, England, United Kingdom",2023-11-14,,
432,Data Engineer,Templeton and Partners - Tech Recruitment,"London, England, United Kingdom",2023-11-20,,
433,Data Engineer,Michael Page,"London, England, United Kingdom",2023-09-30,,
434,Data Engineer,Signify Technology,"London, England, United Kingdom",2023-11-19,,
435,Coding and Programming Trainee,ITonlinelearning Recruitment,"Bromley, England, United Kingdom",2023-11-03,,
436,Senior Insight Analyst,Metrica Recruitment,"London, England, United Kingdom",2023-09-17,,
437,Data Engineer,Adecco,"London, England, United Kingdom",2023-11-13,,
438,Coding and Programming Trainee,ITonlinelearning Recruitment,"Ilford, England, United Kingdom",2023-11-07,,
439,Power BI Data Analyst/Consultant,Robert Half,"London, England, United Kingdom",2023-10-18,,
440,Data Engineer - Azure - Hybrid Working,Oliver Bernard,"London, England, United Kingdom",2023-11-20,,
441,Data Engineer,John Lewis Partnership,"Victoria, England, United Kingdom",2023-11-20,,
442,Customer Insight Analyst Luxury Retail,Brooks & Associates Public Relations,"London, England, United Kingdom",2023-10-16,,
443,Senior Data Analyst,MASS Analytics,"London, England, United Kingdom",2023-07-14,,
444,Database Engineer,The Workshop,"London, England, United Kingdom",2023-09-10,,
445,Sales Data Analyst (Dynamics 365),Opus Technology,"Redhill, England, United Kingdom",2023-11-15,,
446,Data Privacy Analyst,AJ FOX COMPLIANCE,"London, England, United Kingdom",2023-11-23,"45,000","50,000"
447,Power BI Analyst - 1 year FTC,Nigel Frank International,"London, England, United Kingdom",2023-10-21,,
448,Analytics Engineer (Contract),Burns Sheehan,"London, England, United Kingdom",2023-11-15,60,70
449,Quantitative Researcher,Point72,"London, England, United Kingdom",2023-09-25,,
450,Quantitative Developer - Hedge Fund - London - Excellent Salary / Large Bonus / Benefits,Mondrian Alpha,"London, England, United Kingdom",2023-11-10,,
451,Data Engineer,Octopus Money,"London, England, United Kingdom",2023-11-15,,
452,Data Engineer,John Lewis Partnership,"London, England, United Kingdom",2023-11-20,,
453,Data Engineer,Harrington Starr,"London, England, United Kingdom",2023-11-13,"35,000","45,000"
454,Coding and Programming Trainee,ITonlinelearning Recruitment,"Romford, England, United Kingdom",2023-11-03,,
455,Trainee Cloud Engineer,Nuyew Tech Academy,"City of London, England, United Kingdom",2023-10-26,,
456,Machine Learning Quant,Fionics,"London, England, United Kingdom",2023-10-06,,
457,Data Engineering Analyst,Jobs via eFinancialCareers,"London, England, United Kingdom",2023-11-08,,
458,Coding and Programming Trainee,ITonlinelearning Recruitment,"Dartford, England, United Kingdom",2023-11-03,,
459,Business Intelligence Consultant,Metrica Recruitment,"Hertfordshire, England, United Kingdom",2023-11-22,,
460,Quantitative Researcher,HW Select Ltd,"London, England, United Kingdom",2023-09-21,,
461,Salesforce Data Analyst,A5,"London, England, United Kingdom",2023-07-21,,
462,Intelligence Analyst (Tennis Specialist),Sportradar,"London, England, United Kingdom",2023-11-08,,
463,"Data Analyst, NATURAL HISTORY MUSEUM",Guardian Jobs,"South Kensington, England, United Kingdom",2023-11-22,,
464,Coding and Programming Trainee,ITonlinelearning Recruitment,"Watford, England, United Kingdom",2023-11-03,,
465,Data Engineer,Allen Recruitment Consulting,"England, United Kingdom",2023-11-22,,
466,Data Engineer,Audigent,"Acton, England, United Kingdom",2023-11-03,,
467,Seasonal Trading Insight Analyst,Ocado Retail Ltd,"Hatfield, England, United Kingdom",2023-11-02,,
468,RIC Operations / Intelligence Analyst,Control Risks,"London, England, United Kingdom",2023-11-09,,
469,MS SQL Database Engineer m/f/t,RWE,"Moorgate, England, United Kingdom",2023-11-08,,
470,Coding and Programming Trainee,ITonlinelearning Recruitment,"Slough, England, United Kingdom",2023-11-03,,
471,Data Engineer,Nigel Frank International,"City of London, England, United Kingdom",2023-09-23,,
472,Technical Business / Data Analyst,Antal International,"London, England, United Kingdom",2023-10-05,,
473,Data Business Analyst,Core Consultants,"London, England, United Kingdom",2023-11-15,"50,000","90,000"
474,BI Analyst,Harnham,"London, England, United Kingdom",2023-11-11,,
475,GCP Data Engineer- Permanent - London-Hybrid,Databuzzltd,"London, England, United Kingdom",2023-11-03,"$50,000","$60,000"
476,Data Engineer Contract,Layka Recruitment,"Egham, England, United Kingdom",2023-11-21,,
477,HR Data Analyst,Jobs via eFinancialCareers,"London, England, United Kingdom",2023-09-07,,
478,SAP Data Analyst,Jobs via eFinancialCareers,"London, England, United Kingdom",2023-11-14,,
479,Coding and Programming Trainee,ITonlinelearning Recruitment,"Brentwood, England, United Kingdom",2023-11-03,,
480,Senior Data Analyst,Papercup,"London, England, United Kingdom",2023-11-20,,
481,Statistician,PharmiWeb.jobs: Global Life Science Jobs,"London, England, United Kingdom",2023-11-01,,
482,Data Governance Financial Analyst (Banking),Montpellier Resourcing,"London, England, United Kingdom",2023-11-21,,
483,2024 Business Intelligence Engineer Internship,Amazon,"London, England, United Kingdom",2023-11-04,,
484,Quantitative Analyst,Pexapark,"London, England, United Kingdom",2023-11-20,,
485,Senior Data Analyst - Central London,microTECH Global LTD,"London, England, United Kingdom",2023-10-05,,
486,"Supply Data, Analytics & Insights Lead",Diageo,"London, England, United Kingdom",2023-11-07,,
487,Senior Data Analyst,Lloyd's List Intelligence,"London, England, United Kingdom",2023-11-07,,
488,Data Engineer,Publicis Groupe,"London, England, United Kingdom",2023-11-14,,
489,Graduate Software Developer,Pepper Mill,"London, England, United Kingdom",2023-10-13,,
490,Senior Data Analyst - Remote - Up to GBP65k,Nigel Frank International,"London, England, United Kingdom",2023-10-04,,
491,Data Engineer,Acumen - Smart Revenue Management,"London, England, United Kingdom",2023-11-14,"50,000","60,000"
492,Joint Intelligence Organisation - Senior Intelligence Analyst(Multiple Roles),Cabinet Office,"London, England, United Kingdom",2023-11-23,,
493,Senior Data Analyst - Marketing,Remitly,"London, England, United Kingdom",2023-11-09,,
494,Coding and Programming Trainee,ITonlinelearning Recruitment,"Grays, England, United Kingdom",2023-11-07,,
495,Data Engineer (DV Cleared),Amber Labs,"London, England, United Kingdom",2023-11-16,,
496,Email developer,Lorien,"London Area, United Kingdom",2023-10-23,"40,000","42,000"
497,Data Engineer,Nigel Frank International,"London, England, United Kingdom",2023-10-20,,
498,"Python Quant Engineer | £100,000 + Bonus | Quantitative Wealth Management|Hybrid Working",VirtueTech Recruitment Group,"London, England, United Kingdom",2023-11-17,,
499,"Graduate Software Developer (Full:Time, Hybrid, Permanent) : London",TipTopJob,"London, England, United Kingdom",2023-11-03,,
